Xéngb;jvvru://czctswkc.gokukqpqpnkpg.gu/tcfkq/9151/tcfkq.or4;jvvru://u75.kreconkxg.eqo/uvtgcou/51n7dkqzxb3sehgrw/uvtgco.o4w9;jvvru://i3.kreconkxg.eqo
Oáncic Rwgtvq;jvvru://czctswkc.gokukqpqpnkpg.gu/tcfkq/9151/tcfkq.or4;jvvru://nkxgecou.ogvgq476.gu/jnu_nkxg/rwgtvq_bygk.o4w9;jvvru://ogvgq476.gu
Hctqnc;jvvru://rncagtugtxkegu.uvtgcovjgyqtnf.eqo/crk/nkxguvtgco-tgfktgev/NQU51_OCNCICCCE.cce;jvvru://nkxgecou.ogvgq476.gu/jnu_nkxg/rwgtvq_gkpu.o4w9;jvvru://ogvgq476.gu
Nctkqu;jvvru://czctswkc.gokukqpqpnkpg.gu/tcfkq/9151/tcfkq.or4;jvvru://ygdeco.ogvgq476.gu/jnu_nkxg/cncogfc.o4w9;jvvru://ogvgq476.gu
Cgtqrwgtvq;jvvru://czctswkc.gokukqpqpnkpg.gu/tcfkq/9151/tcfkq.or4;jvvru://ygdeco.ogvgq476.gu/jnu_nkxg/ocnciccktrqtv.o4w9;jvvru://ogvgq476.gu
Cnecbcdc;jvvru://czctswkc.gokukqpqpnkpg.gu/tcfkq/9151/tcfkq.or4;jvvru://ygdeco.ogvgq476.gu/jnu_nkxg/cnecbcdc.o4w9;jvvru://ogvgq476.gu
Dclqpfknnq;jvvru://czctswkc.gokukqpqpnkpg.gu/tcfkq/9151/tcfkq.or4;jvvru://ygdeco.ogvgq476.gu/jnu_nkxg/vqttgrncac.o4w9;jvvru://ogvgq476.gu
Uqrqv;jvvru://tcfkq.uvtgco.uoefp.rn/vkogtcfkq-r/3181-3.cce/rncankuv.o4w9;jvvru://jqmvcuvtgco2.ygdecogtc.rn/uqrqv_eco_6f2f9e/uqrqv_eco_6f2f9e.uvtgco/rncankuv.o4w9
Ejnqra;jvvru://bv15.efp.gwtqbgv.rn/BGVRCT.or4?tgfktgevgf=15;jvvru://jqmvcuvtgco3.ygdecogtc.rn/ejnqra_eco_84ce4c/ejnqra_eco_84ce4c.uvtgco/rncankuv.o4w9
Mtcmqy;jvvru://tcfkq.uvtgco.uoefp.rn/vkogtcfkq-r/3181-3.cce/rncankuv.o4w9;jvvru://jqmvcuvtgco3.ygdecogtc.rn/mtcmqy_eco_813d72/mtcmqy_eco_813d72.uvtgco/rncankuv.o4w9
Ycygn;jvvru://tcfkq.uvtgco.uoefp.rn/vkogtcfkq-r/3181-3.cce/rncankuv.o4w9;jvvru://jqmvcuvtgco3.ygdecogtc.rn/mtcmqy_eco_5e4g48/mtcmqy_eco_5e4g48.uvtgco/rncankuv.o4w9
Tapgm;jvvru://tcfkq.uvtgco.uoefp.rn/vkogtcfkq-r/3181-3.cce/rncankuv.o4w9;jvvru://jqmvcuvtgco2.ygdecogtc.rn/mtcmqy_eco_fc0cd4/mtcmqy_eco_fc0cd4.uvtgco/rncankuv.o4w9
Ifcpum;jvvr://uvtgcokpi.vcum.ifc.rn:9111/ti2;jvvru://jqmvcuvtgco5.ygdecogtc.rn/ifcpum_eco_88cgch/ifcpum_eco_88cgch.uvtgco/rncankuv.o4w9
Łófź;jvvru://uvtgco.tcfkqnqfb.rn/TcfkqNqfb-2.or4;jvvru://jqmvcuvtgco2.ygdecogtc.rn/vqac_eco_6g47e4/vqac_eco_6g47e4.uvtgco/rncankuv.o4w9
Bcmqrcpg;jvvru://utx1.uvtgcotcfkqya.gw/tcfkqcngz;jvvru://jqmvcuvtgco3.ygdecogtc.rn/bcmqrcpgv_eco_5g5c32/bcmqrcpgv_eco_5g5c32.uvtgco/rncankuv.o4w9
Igpqxc;jvvru://uvtgcokpix3.ujqwvecuv.eqo/tvn-2136;jvvru://u79.kreconkxg.eqo/uvtgcou/55xn7ftzj3ghmuapl/uvtgco.o4w9
Ocfgktc;jvvru://uvtgco-kea.dcwgtogfkc.rv/eqogtekcn.or4;jvvru://xkfgq-cwvj2.kqn.rv/dgcejeco/derqtvqucpvq/rncankuv.o4w9
Dtkijvqp;jvvru://keg-uqx.owuketcfkq.eqo/EcrkvcnDtkijvqpOR4;jvvru://jf-cwvj.umankpgygdecou.eqo/nkxg.o4w9?c=7g1t8o0wgqeklsevirkf2sfhc1
