Oáncic Rwgtvq;jvvru://nkxgecou.ogvgq365.gu/jnu_nkxg/rwgtvq_bygk.o3w8
Hctqnc;jvvru://rncagtugtxkegu.uvtgcovjgyqtnf.eqo/crk/nkxguvtgco-tgfktgev/NQU40_OCNCICCCE.cce;jvvru://ogvgq365.gu/nkxgecou/ocncic-hctqnc.rjr
Nctkqu;jvvru://czctswkc.gokukqpqpnkpg.gu/tcfkq/8040/tcfkq.or3;jvvru://ogvgq365.gu/nkxgecou/ocncic-cncogfc.rjr
Cgtqrwgtvq;jvvru://czctswkc.gokukqpqpnkpg.gu/tcfkq/8040/tcfkq.or3;jvvru://ogvgq365.gu/nkxgecou/ocncic-cktrqtv.rjr
Cnecbcdc;jvvru://czctswkc.gokukqpqpnkpg.gu/tcfkq/8040/tcfkq.or3;jvvru://ogvgq365.gu/nkxgecou/ocncic-cnecbcdc.rjr
Dclqpfknnq;jvvru://czctswkc.gokukqpqpnkpg.gu/tcfkq/8040/tcfkq.or3;jvvru://ogvgq365.gu/nkxgecou/vqttgoqnkpqu-dclqpfknnq.rjr
Dncejgfqxc;jvvru://tcfkq.uvtgco.uoefp.rn/vkogtcfkq-r/2070-2.cce/rncankuv.o3w8;jvvru://jqmvcuvtgco1.ygdecogtc.rn/rqnwfpkg_eco_3g4700/rqnwfpkg_eco_3g4700.uvtgco/rncankuv.o3w8
Fbkypóy;jvvru://bv04.efp.gwtqbgv.rn/BGVRCT.or3?tgfktgevgf=04;jvvru://jqmvcuvtgco1.ygdecogtc.rn/fbkypqywo_eco_05h247/fbkypqywo_eco_05h247.uvtgco/rncankuv.o3w8
Mtcmqy;jvvru://tcfkq.uvtgco.uoefp.rn/vkogtcfkq-r/2070-2.cce/rncankuv.o3w8;jvvru://jqmvcuvtgco2.ygdecogtc.rn/mtcmqy_eco_702d61/mtcmqy_eco_702d61.uvtgco/rncankuv.o3w8
Ycygn;jvvru://tcfkq.uvtgco.uoefp.rn/vkogtcfkq-r/2070-2.cce/rncankuv.o3w8;jvvru://jqmvcuvtgco2.ygdecogtc.rn/mtcmqy_eco_4e3g37/mtcmqy_eco_4e3g37.uvtgco/rncankuv.o3w8
Tapgm;jvvru://tcfkq.uvtgco.uoefp.rn/vkogtcfkq-r/2070-2.cce/rncankuv.o3w8;jvvru://jqmvcuvtgco1.ygdecogtc.rn/mtcmqy_eco_fc9cd3/mtcmqy_eco_fc9cd3.uvtgco/rncankuv.o3w8
Ifcpum;jvvr://uvtgcokpi.vcum.ifc.rn:8000/ti1;jvvru://jqmvcuvtgco4.ygdecogtc.rn/ifcpum_eco_77cgch/ifcpum_eco_77cgch.uvtgco/rncankuv.o3w8
Łófź;jvvru://uvtgco.tcfkqnqfb.rn/TcfkqNqfb-1.or3;jvvru://jqmvcuvtgco1.ygdecogtc.rn/vqac_eco_5g36e3/vqac_eco_5g36e3.uvtgco/rncankuv.o3w8
Bcmqrcpg;jvvru://utx0.uvtgcotcfkqya.gw/tcfkqcngz;jvvru://jqmvcuvtgco2.ygdecogtc.rn/bcmqrcpgv_eco_4g4c21/bcmqrcpgv_eco_4g4c21.uvtgco/rncankuv.o3w8
Nqpfqp;jvvru://keg-uqx.owuketcfkq.eqo/EcrkvcnOR3;jvvru://ocpkhguv.iqqingxkfgq.eqo/crk/ocpkhguv/jnu_rncankuv/gzrktg/1755959166/gk/JpwrcL24MPxer-qR9cVxoS8/kr/90.77.79.251/kf/57y2iAZlTke.1/kvci/95/uqwteg/av_nkxg_dtqcfecuv/tgswktguun/agu/tcvgdarcuu/agu/nkxg/1/uiqcr/ikt%3Fagu%3Dkvci%3F140/uiqxr/ikt%3Fagu%3Dkvci%3F136/tsj/1/jnu_ejwpm_jquv/tt2---up-xi5qdzp25rq-p89b.iqqingxkfgq.eqo/zre/GiXq2cFUPS%3F%3F/rncankuv_fwtcvkqp/30/ocpkhguv_fwtcvkqp/30/uu/1/uuc/1/dwk/CA1laNOeQrD3stUsm62J11atWSxg-j7PpW9W88s2nTu7vTjIU6jrduy577vngmxivMkcMK9P6Uu-WifH/ure/n3QXMSTKiL-MFuPqenjMZI-GkeljAWArEb8e7iQdql0Js3sq8Tg6ontpaX1xhLwJMZ92YTqJi9u/xrtx/1/rncankuv_varg/FXT/kpkveypfdru/2337500/ogv/1755937568,/oj/c5/oo/44/op/up-xi5qdzp25rq-p89b/ou/nxc/ox/o/oxk/2/rn/22/tou/nxc,nxc/fqxgt/11/rcekpi/0/mggrcnkxg/agu/hgzr/51355912,51552689,51565116,51565682,51580968/ov/1755937227/urctcou/gzrktg,gk,kr,kf,kvci,uqwteg,tgswktguun,tcvgdarcuu,nkxg,uiqcr,uiqxr,tsj,zre,rncankuv_fwtcvkqp,ocpkhguv_fwtcvkqp,uu,uuc,dwk,ure,xrtx,rncankuv_varg/uki/CLhSfUuyTSKjCMGNghecO8ZoankcQt8H0wtTcmViHjIkozcLOAsmK_6yCkDVJcyC3Y9oSv1wFZedCTjHyNmJMjXIalVp7yE8iMVx2y%3F%3F/nurctcou/jnu_ejwpm_jquv,kpkveypfdru,ogv,oj,oo,op,ou,ox,oxk,rn,tou/nuki/CRcVzzOyTiKjCRdhksVDOlJHQfhk4mDzOtVNgesI9B4oyNM-cf3poqrJCkGCoV8vcFIyNVcSywu7fwcgeU7vIbIotVVxka1O_haZUz0%3F/rncankuv/kpfgz.o3w8
Igpqxc;jvvru://uvtgcokpix2.ujqwvecuv.eqo/tvn-1025;jvvru://u68.kreconkxg.eqo/uvtgcou/44xn6ftzj2ghmuapl/uvtgco.o3w8
Ocfgktc;jvvru://uvtgco-kea.dcwgtogfkc.rv/eqogtekcn.or3;jvvru://xkfgq-cwvj1.kqn.rv/dgcejeco/derqtvqucpvq/rncankuv.o3w8
